username,email,full_name,password,role,is_active
lt.user.001,lt.user.001@docflow.test,Phạm Văn Nga,Temp@123,user,true
lt.user.002,lt.user.002@docflow.test,Vũ Hoài Hoa,Temp@123,user,true
lt.user.003,lt.user.003@docflow.test,Phạm Hữu Thắng,Temp@123,user,true
lt.user.004,lt.user.004@docflow.test,Trần Văn Hải,Temp@123,user,true
lt.user.005,lt.user.005@docflow.test,Phan Hoài Bình,Temp@123,user,true
lt.user.006,lt.user.006@docflow.test,Phan Phương Mai,Temp@123,user,true
lt.user.007,lt.user.007@docflow.test,Dương Ngọc An,Temp@123,user,true
lt.user.008,lt.user.008@docflow.test,Huỳnh Phương Phú,Temp@123,user,true
lt.user.009,lt.user.009@docflow.test,Võ Quang Long,Temp@123,user,true
lt.user.010,lt.user.010@docflow.test,Bùi Đức Hải,Temp@123,user,true
lt.user.011,lt.user.011@docflow.test,Hồ Đức Quân,Temp@123,user,true
lt.user.012,lt.user.012@docflow.test,Đỗ Ngọc Cường,Temp@123,user,true
lt.user.013,lt.user.013@docflow.test,Dương Đức Sơn,Temp@123,user,true
lt.user.014,lt.user.014@docflow.test,Lê Thu Quỳnh,Temp@123,user,true
lt.user.015,lt.user.015@docflow.test,Phan Hữu Cường,Temp@123,user,true
lt.user.016,lt.user.016@docflow.test,Vũ Thu Hải,Temp@123,user,true
lt.user.017,lt.user.017@docflow.test,Vũ Đức Sơn,Temp@123,user,true
lt.user.018,lt.user.018@docflow.test,Võ Tuấn Quỳnh,Temp@123,user,true
lt.user.019,lt.user.019@docflow.test,Huỳnh Bảo Quân,Temp@123,user,true
lt.user.020,lt.user.020@docflow.test,Phan Ngọc Hà,Temp@123,user,true
lt.user.021,lt.user.021@docflow.test,Huỳnh Hoài Khánh,Temp@123,user,true
lt.user.022,lt.user.022@docflow.test,Dương Anh Nga,Temp@123,user,true
lt.user.023,lt.user.023@docflow.test,Vũ Hồng Dũng,Temp@123,user,true
lt.user.024,lt.user.024@docflow.test,Vũ Thị Phong,Temp@123,user,true
lt.user.025,lt.user.025@docflow.test,Hồ Ngọc Hà,Temp@123,user,true
lt.user.026,lt.user.026@docflow.test,Phan Hồng Long,Temp@123,user,true
lt.user.027,lt.user.027@docflow.test,Lý Anh Trang,Temp@123,user,true
lt.user.028,lt.user.028@docflow.test,Hoàng Ngọc Hoa,Temp@123,user,true
lt.user.029,lt.user.029@docflow.test,Vũ Ngọc Thắng,Temp@123,user,true
lt.user.030,lt.user.030@docflow.test,Hồ Bảo Mai,Temp@123,user,true
lt.user.031,lt.user.031@docflow.test,Hoàng Mai Hải,Temp@123,user,true
lt.user.032,lt.user.032@docflow.test,Trần Đức Hùng,Temp@123,user,true
lt.user.033,lt.user.033@docflow.test,Huỳnh Phương Hà,Temp@123,user,true
lt.user.034,lt.user.034@docflow.test,Hồ Anh Trang,Temp@123,user,true
lt.user.035,lt.user.035@docflow.test,Võ Văn Hiếu,Temp@123,user,true
lt.user.036,lt.user.036@docflow.test,Võ Hồng Hiếu,Temp@123,user,true
lt.user.037,lt.user.037@docflow.test,Đặng Phương Khánh,Temp@123,user,true
lt.user.038,lt.user.038@docflow.test,Dương Văn Nam,Temp@123,user,true
lt.user.039,lt.user.039@docflow.test,Huỳnh Đức Nhung,Temp@123,user,true
lt.user.040,lt.user.040@docflow.test,Phan Quang Quỳnh,Temp@123,user,true
lt.user.041,lt.user.041@docflow.test,Huỳnh Văn Phong,Temp@123,user,true
lt.user.042,lt.user.042@docflow.test,Lý Văn Hiếu,Temp@123,user,true
lt.user.043,lt.user.043@docflow.test,Đỗ Thu Minh,Temp@123,user,true
lt.user.044,lt.user.044@docflow.test,Trần Hoài Hải,Temp@123,user,true
lt.user.045,lt.user.045@docflow.test,Lê Mai Hà,Temp@123,user,true
lt.user.046,lt.user.046@docflow.test,Hoàng Quang Tú,Temp@123,user,true
lt.user.047,lt.user.047@docflow.test,Huỳnh Ngọc Thắng,Temp@123,user,true
lt.user.048,lt.user.048@docflow.test,Phan Thanh Nhung,Temp@123,user,true
lt.user.049,lt.user.049@docflow.test,Hồ Bảo Thúy,Temp@123,user,true
lt.user.050,lt.user.050@docflow.test,Dương Đức Minh,Temp@123,user,true
lt.user.051,lt.user.051@docflow.test,Vũ Hữu Phú,Temp@123,user,true
lt.user.052,lt.user.052@docflow.test,Nguyễn Hoài Mai,Temp@123,user,true
lt.user.053,lt.user.053@docflow.test,Nguyễn Hữu Dũng,Temp@123,user,true
lt.user.054,lt.user.054@docflow.test,Vũ Hữu Cường,Temp@123,user,true
lt.user.055,lt.user.055@docflow.test,Bùi Hữu Minh,Temp@123,user,true
lt.user.056,lt.user.056@docflow.test,Võ Mai Long,Temp@123,user,true
lt.user.057,lt.user.057@docflow.test,Hoàng Mai Minh,Temp@123,user,true
lt.user.058,lt.user.058@docflow.test,Lý Phương Linh,Temp@123,user,true
lt.user.059,lt.user.059@docflow.test,Phạm Đức Thắng,Temp@123,user,true
lt.user.060,lt.user.060@docflow.test,Đỗ Phương Thảo,Temp@123,user,true
lt.user.061,lt.user.061@docflow.test,Dương Thị Hạnh,Temp@123,user,true
lt.user.062,lt.user.062@docflow.test,Trần Anh Phú,Temp@123,user,true
lt.user.063,lt.user.063@docflow.test,Phạm Hoài Linh,Temp@123,user,true
lt.user.064,lt.user.064@docflow.test,Phan Tuấn Hoa,Temp@123,user,true
lt.user.065,lt.user.065@docflow.test,Ngô Minh Nga,Temp@123,user,true
lt.user.066,lt.user.066@docflow.test,Dương Hoài Hà,Temp@123,user,true
lt.user.067,lt.user.067@docflow.test,Dương Đức Dũng,Temp@123,user,true
lt.user.068,lt.user.068@docflow.test,Nguyễn Hữu Minh,Temp@123,user,true
lt.user.069,lt.user.069@docflow.test,Huỳnh Phương Việt,Temp@123,user,true
lt.user.070,lt.user.070@docflow.test,Lý Thanh Tâm,Temp@123,user,true
lt.user.071,lt.user.071@docflow.test,Trần Minh Sơn,Temp@123,user,true
lt.user.072,lt.user.072@docflow.test,Nguyễn Anh Nam,Temp@123,user,true
lt.user.073,lt.user.073@docflow.test,Dương Thu Thắng,Temp@123,user,true
lt.user.074,lt.user.074@docflow.test,Lý Quang Linh,Temp@123,user,true
lt.user.075,lt.user.075@docflow.test,Đặng Thanh Dũng,Temp@123,user,true
lt.user.076,lt.user.076@docflow.test,Trần Hồng Dũng,Temp@123,user,true
lt.user.077,lt.user.077@docflow.test,Trần Mai Khánh,Temp@123,user,true
lt.user.078,lt.user.078@docflow.test,Trần Hữu Lan,Temp@123,user,true
lt.user.079,lt.user.079@docflow.test,Lê Hữu Minh,Temp@123,user,true
lt.user.080,lt.user.080@docflow.test,Hồ Đức Minh,Temp@123,user,true
lt.user.081,lt.user.081@docflow.test,Trần Hữu Thảo,Temp@123,user,true
lt.user.082,lt.user.082@docflow.test,Bùi Ngọc Long,Temp@123,user,true
lt.user.083,lt.user.083@docflow.test,Bùi Hoài Nam,Temp@123,user,true
lt.user.084,lt.user.084@docflow.test,Hồ Quang Nhung,Temp@123,user,true
lt.user.085,lt.user.085@docflow.test,Dương Hồng Hà,Temp@123,user,true
lt.user.086,lt.user.086@docflow.test,Nguyễn Tuấn Hạnh,Temp@123,user,true
lt.user.087,lt.user.087@docflow.test,Lê Thanh Nam,Temp@123,user,true
lt.user.088,lt.user.088@docflow.test,Hoàng Bảo Hà,Temp@123,user,true
lt.user.089,lt.user.089@docflow.test,Vũ Bảo Ngân,Temp@123,user,true
lt.user.090,lt.user.090@docflow.test,Huỳnh Tuấn Nhung,Temp@123,user,true
lt.user.091,lt.user.091@docflow.test,Nguyễn Thu Hạnh,Temp@123,user,true
lt.user.092,lt.user.092@docflow.test,Hoàng Ngọc Hiếu,Temp@123,user,true
lt.user.093,lt.user.093@docflow.test,Phạm Quang Nga,Temp@123,user,true
lt.user.094,lt.user.094@docflow.test,Đặng Thanh Phú,Temp@123,user,true
lt.user.095,lt.user.095@docflow.test,Phan Ngọc Việt,Temp@123,user,true
lt.user.096,lt.user.096@docflow.test,Võ Thị Hải,Temp@123,user,true
lt.user.097,lt.user.097@docflow.test,Ngô Ngọc Cường,Temp@123,user,true
lt.user.098,lt.user.098@docflow.test,Nguyễn Hồng Hoa,Temp@123,user,true
lt.user.099,lt.user.099@docflow.test,Võ Minh Thúy,Temp@123,user,true
lt.user.100,lt.user.100@docflow.test,Ngô Văn Hiếu,Temp@123,user,true
lt.user.101,lt.user.101@docflow.test,Lê Quang Cường,Temp@123,user,true
lt.user.102,lt.user.102@docflow.test,Đỗ Quang Thắng,Temp@123,user,true
lt.user.103,lt.user.103@docflow.test,Hoàng Thị Nhung,Temp@123,user,true
lt.user.104,lt.user.104@docflow.test,Đỗ Thị Quân,Temp@123,user,true
lt.user.105,lt.user.105@docflow.test,Phan Hoài Hạnh,Temp@123,user,true
lt.user.106,lt.user.106@docflow.test,Đỗ Phương Hùng,Temp@123,user,true
lt.user.107,lt.user.107@docflow.test,Vũ Minh Lan,Temp@123,user,true
lt.user.108,lt.user.108@docflow.test,Ngô Văn Lan,Temp@123,user,true
lt.user.109,lt.user.109@docflow.test,Bùi Phương Minh,Temp@123,user,true
lt.user.110,lt.user.110@docflow.test,Võ Minh Hạnh,Temp@123,user,true
lt.user.111,lt.user.111@docflow.test,Hồ Thị Tú,Temp@123,user,true
lt.user.112,lt.user.112@docflow.test,Vũ Thanh Trang,Temp@123,user,true
lt.user.113,lt.user.113@docflow.test,Đỗ Thu Mai,Temp@123,user,true
lt.user.114,lt.user.114@docflow.test,Vũ Văn Linh,Temp@123,user,true
lt.user.115,lt.user.115@docflow.test,Hồ Hồng Nga,Temp@123,user,true
lt.user.116,lt.user.116@docflow.test,Lê Ngọc Quân,Temp@123,user,true
lt.user.117,lt.user.117@docflow.test,Hồ Hồng Bình,Temp@123,user,true
lt.user.118,lt.user.118@docflow.test,Phạm Ngọc Lan,Temp@123,user,true
lt.user.119,lt.user.119@docflow.test,Võ Thị Hạnh,Temp@123,user,true
lt.user.120,lt.user.120@docflow.test,Ngô Bảo Phong,Temp@123,user,true
lt.user.121,lt.user.121@docflow.test,Ngô Đức Sơn,Temp@123,user,true
lt.user.122,lt.user.122@docflow.test,Phan Ngọc Cường,Temp@123,user,true
lt.user.123,lt.user.123@docflow.test,Ngô Văn Linh,Temp@123,user,true
lt.user.124,lt.user.124@docflow.test,Đỗ Phương Hà,Temp@123,user,true
lt.user.125,lt.user.125@docflow.test,Bùi Hồng Hiếu,Temp@123,user,true
lt.user.126,lt.user.126@docflow.test,Đặng Thu Thảo,Temp@123,user,true
lt.user.127,lt.user.127@docflow.test,Bùi Anh Ngân,Temp@123,user,true
lt.user.128,lt.user.128@docflow.test,Hoàng Thanh Thảo,Temp@123,user,true
lt.user.129,lt.user.129@docflow.test,Hồ Minh Nhung,Temp@123,user,true
lt.user.130,lt.user.130@docflow.test,Hồ Văn Nhung,Temp@123,user,true
lt.user.131,lt.user.131@docflow.test,Đặng Thanh Thắng,Temp@123,user,true
lt.user.132,lt.user.132@docflow.test,Bùi Tuấn Thúy,Temp@123,user,true
lt.user.133,lt.user.133@docflow.test,Dương Thanh Tú,Temp@123,user,true
lt.user.134,lt.user.134@docflow.test,Huỳnh Hữu Ngân,Temp@123,user,true
lt.user.135,lt.user.135@docflow.test,Bùi Hữu Minh,Temp@123,user,true
lt.user.136,lt.user.136@docflow.test,Đặng Hoài Linh,Temp@123,user,true
lt.user.137,lt.user.137@docflow.test,Hoàng Văn Cường,Temp@123,user,true
lt.user.138,lt.user.138@docflow.test,Vũ Mai Hà,Temp@123,user,true
lt.user.139,lt.user.139@docflow.test,Dương Phương Linh,Temp@123,user,true
lt.user.140,lt.user.140@docflow.test,Hồ Mai Tâm,Temp@123,user,true
lt.user.141,lt.user.141@docflow.test,Vũ Quang An,Temp@123,user,true
lt.user.142,lt.user.142@docflow.test,Phạm Phương Mai,Temp@123,user,true
lt.user.143,lt.user.143@docflow.test,Huỳnh Tuấn Dũng,Temp@123,user,true
lt.user.144,lt.user.144@docflow.test,Vũ Đức Trang,Temp@123,user,true
lt.user.145,lt.user.145@docflow.test,Hoàng Tuấn Phong,Temp@123,user,true
lt.user.146,lt.user.146@docflow.test,Dương Phương Thúy,Temp@123,user,true
lt.user.147,lt.user.147@docflow.test,Huỳnh Mai Thúy,Temp@123,user,true
lt.user.148,lt.user.148@docflow.test,Võ Hoài Nga,Temp@123,user,true
lt.user.149,lt.user.149@docflow.test,Lý Hoài Nga,Temp@123,user,true
lt.user.150,lt.user.150@docflow.test,Dương Hữu Ngân,Temp@123,user,true
lt.user.151,lt.user.151@docflow.test,Vũ Ngọc Phú,Temp@123,user,true
lt.user.152,lt.user.152@docflow.test,Bùi Hữu Hoa,Temp@123,user,true
lt.user.153,lt.user.153@docflow.test,Hoàng Hoài Sơn,Temp@123,user,true
lt.user.154,lt.user.154@docflow.test,Hoàng Thanh Hà,Temp@123,user,true
lt.user.155,lt.user.155@docflow.test,Ngô Phương Phú,Temp@123,user,true
lt.user.156,lt.user.156@docflow.test,Dương Phương Dũng,Temp@123,user,true
lt.user.157,lt.user.157@docflow.test,Phan Phương Sơn,Temp@123,user,true
lt.user.158,lt.user.158@docflow.test,Nguyễn Anh Tú,Temp@123,user,true
lt.user.159,lt.user.159@docflow.test,Nguyễn Bảo Nhung,Temp@123,user,true
lt.user.160,lt.user.160@docflow.test,Hồ Phương Mai,Temp@123,user,true
lt.user.161,lt.user.161@docflow.test,Lý Hoài Nga,Temp@123,user,true
lt.user.162,lt.user.162@docflow.test,Ngô Mai Bình,Temp@123,user,true
lt.user.163,lt.user.163@docflow.test,Hồ Hồng Tâm,Temp@123,user,true
lt.user.164,lt.user.164@docflow.test,Huỳnh Tuấn Hoa,Temp@123,user,true
lt.user.165,lt.user.165@docflow.test,Nguyễn Anh Bình,Temp@123,user,true
lt.user.166,lt.user.166@docflow.test,Lê Phương Hoa,Temp@123,user,true
lt.user.167,lt.user.167@docflow.test,Dương Minh Dũng,Temp@123,user,true
lt.user.168,lt.user.168@docflow.test,Võ Anh Phong,Temp@123,user,true
lt.user.169,lt.user.169@docflow.test,Phan Tuấn Phong,Temp@123,user,true
lt.user.170,lt.user.170@docflow.test,Bùi Anh Nga,Temp@123,user,true
lt.user.171,lt.user.171@docflow.test,Ngô Ngọc Hải,Temp@123,user,true
lt.user.172,lt.user.172@docflow.test,Lý Văn Dũng,Temp@123,user,true
lt.user.173,lt.user.173@docflow.test,Đỗ Hoài Hà,Temp@123,user,true
lt.user.174,lt.user.174@docflow.test,Trần Văn Minh,Temp@123,user,true
lt.user.175,lt.user.175@docflow.test,Phan Văn Hùng,Temp@123,user,true
lt.user.176,lt.user.176@docflow.test,Vũ Quang Tú,Temp@123,user,true
lt.user.177,lt.user.177@docflow.test,Phạm Thanh Trang,Temp@123,user,true
lt.user.178,lt.user.178@docflow.test,Võ Bảo Khánh,Temp@123,user,true
lt.user.179,lt.user.179@docflow.test,Phạm Minh Nhung,Temp@123,user,true
lt.user.180,lt.user.180@docflow.test,Phạm Văn Nhung,Temp@123,user,true
lt.user.181,lt.user.181@docflow.test,Hồ Anh Linh,Temp@123,user,true
lt.user.182,lt.user.182@docflow.test,Lê Hoài Hạnh,Temp@123,user,true
lt.user.183,lt.user.183@docflow.test,Đặng Đức Cường,Temp@123,user,true
lt.user.184,lt.user.184@docflow.test,Đỗ Phương Quỳnh,Temp@123,user,true
lt.user.185,lt.user.185@docflow.test,Lê Hồng An,Temp@123,user,true
lt.user.186,lt.user.186@docflow.test,Ngô Mai Hạnh,Temp@123,user,true
lt.user.187,lt.user.187@docflow.test,Ngô Bảo Trang,Temp@123,user,true
lt.user.188,lt.user.188@docflow.test,Hoàng Phương Lan,Temp@123,user,true
lt.user.189,lt.user.189@docflow.test,Võ Mai Trang,Temp@123,user,true
lt.user.190,lt.user.190@docflow.test,Ngô Ngọc Phong,Temp@123,user,true
lt.user.191,lt.user.191@docflow.test,Vũ Hữu Nga,Temp@123,user,true
lt.user.192,lt.user.192@docflow.test,Dương Hoài Trang,Temp@123,user,true
lt.user.193,lt.user.193@docflow.test,Hồ Hồng Bình,Temp@123,user,true
lt.user.194,lt.user.194@docflow.test,Lý Hồng Lan,Temp@123,user,true
lt.user.195,lt.user.195@docflow.test,Lý Thanh Quân,Temp@123,user,true
lt.user.196,lt.user.196@docflow.test,Võ Hồng Nga,Temp@123,user,true
lt.user.197,lt.user.197@docflow.test,Võ Văn Linh,Temp@123,user,true
lt.user.198,lt.user.198@docflow.test,Lê Hoài Thảo,Temp@123,user,true
lt.user.199,lt.user.199@docflow.test,Lý Hoài Tú,Temp@123,user,true
lt.user.200,lt.user.200@docflow.test,Lý Tuấn Bình,Temp@123,user,true
lt.user.201,lt.user.201@docflow.test,Lê Thu Mai,Temp@123,user,true
lt.user.202,lt.user.202@docflow.test,Hồ Hoài Nhung,Temp@123,user,true
lt.user.203,lt.user.203@docflow.test,Đỗ Mai Quân,Temp@123,user,true
lt.user.204,lt.user.204@docflow.test,Ngô Hồng Quân,Temp@123,user,true
lt.user.205,lt.user.205@docflow.test,Dương Ngọc Nhung,Temp@123,user,true
lt.user.206,lt.user.206@docflow.test,Võ Hoài Hiếu,Temp@123,user,true
lt.user.207,lt.user.207@docflow.test,Phan Hồng Hiếu,Temp@123,user,true
lt.user.208,lt.user.208@docflow.test,Huỳnh Thanh Long,Temp@123,user,true
lt.user.209,lt.user.209@docflow.test,Lý Ngọc Ngân,Temp@123,user,true
lt.user.210,lt.user.210@docflow.test,Phạm Thanh Ngân,Temp@123,user,true
lt.user.211,lt.user.211@docflow.test,Vũ Bảo Lan,Temp@123,user,true
lt.user.212,lt.user.212@docflow.test,Đặng Văn Hoa,Temp@123,user,true
lt.user.213,lt.user.213@docflow.test,Võ Thị Dũng,Temp@123,user,true
lt.user.214,lt.user.214@docflow.test,Đặng Quang Việt,Temp@123,user,true
lt.user.215,lt.user.215@docflow.test,Phạm Văn Ngân,Temp@123,user,true
lt.user.216,lt.user.216@docflow.test,Lý Mai Thúy,Temp@123,user,true
lt.user.217,lt.user.217@docflow.test,Bùi Minh Dũng,Temp@123,user,true
lt.user.218,lt.user.218@docflow.test,Võ Mai Hiếu,Temp@123,user,true
lt.user.219,lt.user.219@docflow.test,Lê Anh Việt,Temp@123,user,true
lt.user.220,lt.user.220@docflow.test,Lê Thị Hùng,Temp@123,user,true
lt.user.221,lt.user.221@docflow.test,Hoàng Thu Hải,Temp@123,user,true
lt.user.222,lt.user.222@docflow.test,Vũ Đức Thảo,Temp@123,user,true
lt.user.223,lt.user.223@docflow.test,Vũ Anh Thúy,Temp@123,user,true
lt.user.224,lt.user.224@docflow.test,Dương Thu Thắng,Temp@123,user,true
lt.user.225,lt.user.225@docflow.test,Đặng Thị Hạnh,Temp@123,user,true
lt.user.226,lt.user.226@docflow.test,Phan Thanh Nam,Temp@123,user,true
lt.user.227,lt.user.227@docflow.test,Lê Minh Minh,Temp@123,user,true
lt.user.228,lt.user.228@docflow.test,Huỳnh Hữu Khánh,Temp@123,user,true
lt.user.229,lt.user.229@docflow.test,Nguyễn Phương Thúy,Temp@123,user,true
lt.user.230,lt.user.230@docflow.test,Lý Thu Cường,Temp@123,user,true
lt.user.231,lt.user.231@docflow.test,Vũ Thu Ngân,Temp@123,user,true
lt.user.232,lt.user.232@docflow.test,Dương Hữu Mai,Temp@123,user,true
lt.user.233,lt.user.233@docflow.test,Võ Thanh Thắng,Temp@123,user,true
lt.user.234,lt.user.234@docflow.test,Phạm Hoài Hùng,Temp@123,user,true
lt.user.235,lt.user.235@docflow.test,Võ Quang Hà,Temp@123,user,true
lt.user.236,lt.user.236@docflow.test,Trần Minh Nhung,Temp@123,user,true
lt.user.237,lt.user.237@docflow.test,Đặng Tuấn Hiếu,Temp@123,user,true
lt.user.238,lt.user.238@docflow.test,Dương Thu Tâm,Temp@123,user,true
lt.user.239,lt.user.239@docflow.test,Võ Mai Thúy,Temp@123,user,true
lt.user.240,lt.user.240@docflow.test,Lê Thị Thắng,Temp@123,user,true
lt.user.241,lt.user.241@docflow.test,Bùi Ngọc Bình,Temp@123,user,true
lt.user.242,lt.user.242@docflow.test,Lê Hoài Bình,Temp@123,user,true
lt.user.243,lt.user.243@docflow.test,Võ Thị Lan,Temp@123,user,true
lt.user.244,lt.user.244@docflow.test,Lý Tuấn Nga,Temp@123,user,true
lt.user.245,lt.user.245@docflow.test,Huỳnh Phương Việt,Temp@123,user,true
lt.user.246,lt.user.246@docflow.test,Lê Mai Quân,Temp@123,user,true
lt.user.247,lt.user.247@docflow.test,Ngô Hồng Phong,Temp@123,user,true
lt.user.248,lt.user.248@docflow.test,Phạm Minh Phú,Temp@123,user,true
lt.user.249,lt.user.249@docflow.test,Ngô Mai Ngân,Temp@123,user,true
lt.user.250,lt.user.250@docflow.test,Hồ Thị Trang,Temp@123,user,true
lt.user.251,lt.user.251@docflow.test,Lê Hồng Nam,Temp@123,user,true
lt.user.252,lt.user.252@docflow.test,Bùi Đức Tâm,Temp@123,user,true
lt.user.253,lt.user.253@docflow.test,Nguyễn Tuấn Thảo,Temp@123,user,true
lt.user.254,lt.user.254@docflow.test,Trần Thanh Quỳnh,Temp@123,user,true
lt.user.255,lt.user.255@docflow.test,Lý Tuấn Dũng,Temp@123,user,true
lt.user.256,lt.user.256@docflow.test,Phan Ngọc Hoa,Temp@123,user,true
lt.user.257,lt.user.257@docflow.test,Đặng Tuấn Việt,Temp@123,user,true
lt.user.258,lt.user.258@docflow.test,Phạm Văn Minh,Temp@123,user,true
lt.user.259,lt.user.259@docflow.test,Huỳnh Thu An,Temp@123,user,true
lt.user.260,lt.user.260@docflow.test,Ngô Hữu Mai,Temp@123,user,true
lt.user.261,lt.user.261@docflow.test,Phạm Tuấn Hiếu,Temp@123,user,true
lt.user.262,lt.user.262@docflow.test,Hoàng Mai Ngân,Temp@123,user,true
lt.user.263,lt.user.263@docflow.test,Võ Phương Tú,Temp@123,user,true
lt.user.264,lt.user.264@docflow.test,Lý Hoài Trang,Temp@123,user,true
lt.user.265,lt.user.265@docflow.test,Hoàng Anh Linh,Temp@123,user,true
lt.user.266,lt.user.266@docflow.test,Hoàng Hữu Nga,Temp@123,user,true
lt.user.267,lt.user.267@docflow.test,Ngô Hồng Nga,Temp@123,user,true
lt.user.268,lt.user.268@docflow.test,Nguyễn Thu Nhung,Temp@123,user,true
lt.user.269,lt.user.269@docflow.test,Lý Quang Thúy,Temp@123,user,true
lt.user.270,lt.user.270@docflow.test,Lý Bảo Phú,Temp@123,user,true
lt.user.271,lt.user.271@docflow.test,Hồ Tuấn Phong,Temp@123,user,true
lt.user.272,lt.user.272@docflow.test,Phan Hoài Sơn,Temp@123,user,true
lt.user.273,lt.user.273@docflow.test,Vũ Phương Cường,Temp@123,user,true
lt.user.274,lt.user.274@docflow.test,Bùi Mai Sơn,Temp@123,user,true
lt.user.275,lt.user.275@docflow.test,Hồ Quang Việt,Temp@123,user,true
lt.user.276,lt.user.276@docflow.test,Trần Quang Phú,Temp@123,user,true
lt.user.277,lt.user.277@docflow.test,Phạm Tuấn Hạnh,Temp@123,user,true
lt.user.278,lt.user.278@docflow.test,Dương Văn Hùng,Temp@123,user,true
lt.user.279,lt.user.279@docflow.test,Ngô Quang Hà,Temp@123,user,true
lt.user.280,lt.user.280@docflow.test,Lý Ngọc Phú,Temp@123,user,true
lt.user.281,lt.user.281@docflow.test,Hồ Hữu Phú,Temp@123,user,true
lt.user.282,lt.user.282@docflow.test,Hồ Hồng Việt,Temp@123,user,true
lt.user.283,lt.user.283@docflow.test,Trần Hữu Minh,Temp@123,user,true
lt.user.284,lt.user.284@docflow.test,Đặng Hoài Hải,Temp@123,user,true
lt.user.285,lt.user.285@docflow.test,Ngô Đức Hạnh,Temp@123,user,true
lt.user.286,lt.user.286@docflow.test,Dương Minh Nhung,Temp@123,user,true
lt.user.287,lt.user.287@docflow.test,Nguyễn Thị Phong,Temp@123,user,true
lt.user.288,lt.user.288@docflow.test,Trần Thu Quân,Temp@123,user,true
lt.user.289,lt.user.289@docflow.test,Đỗ Phương Hùng,Temp@123,user,true
lt.user.290,lt.user.290@docflow.test,Vũ Phương Lan,Temp@123,user,true
lt.user.291,lt.user.291@docflow.test,Huỳnh Minh Hải,Temp@123,user,true
lt.user.292,lt.user.292@docflow.test,Hồ Hoài Việt,Temp@123,user,true
lt.user.293,lt.user.293@docflow.test,Hoàng Hoài Trang,Temp@123,user,true
lt.user.294,lt.user.294@docflow.test,Võ Tuấn Nam,Temp@123,user,true
lt.user.295,lt.user.295@docflow.test,Nguyễn Tuấn Ngân,Temp@123,user,true
lt.user.296,lt.user.296@docflow.test,Huỳnh Hữu Thúy,Temp@123,user,true
lt.user.297,lt.user.297@docflow.test,Đỗ Thu Thắng,Temp@123,user,true
lt.user.298,lt.user.298@docflow.test,Võ Tuấn Nhung,Temp@123,user,true
lt.user.299,lt.user.299@docflow.test,Phan Anh Tú,Temp@123,user,true
lt.user.300,lt.user.300@docflow.test,Phạm Hoài Sơn,Temp@123,user,true
lt.user.301,lt.user.301@docflow.test,Đỗ Thu Ngân,Temp@123,user,true
lt.user.302,lt.user.302@docflow.test,Nguyễn Anh Nga,Temp@123,user,true
lt.user.303,lt.user.303@docflow.test,Nguyễn Thị Việt,Temp@123,user,true
lt.user.304,lt.user.304@docflow.test,Đặng Hoài Quân,Temp@123,user,true
lt.user.305,lt.user.305@docflow.test,Vũ Thanh Nam,Temp@123,user,true
lt.user.306,lt.user.306@docflow.test,Hoàng Đức Cường,Temp@123,user,true
lt.user.307,lt.user.307@docflow.test,Đặng Tuấn Cường,Temp@123,user,true
lt.user.308,lt.user.308@docflow.test,Đỗ Quang Hải,Temp@123,user,true
lt.user.309,lt.user.309@docflow.test,Đặng Hồng Thảo,Temp@123,user,true
lt.user.310,lt.user.310@docflow.test,Huỳnh Thanh Hoa,Temp@123,user,true
lt.user.311,lt.user.311@docflow.test,Đỗ Ngọc Khánh,Temp@123,user,true
lt.user.312,lt.user.312@docflow.test,Võ Mai Ngân,Temp@123,user,true
lt.user.313,lt.user.313@docflow.test,Bùi Đức Trang,Temp@123,user,true
lt.user.314,lt.user.314@docflow.test,Lê Quang Mai,Temp@123,user,true
lt.user.315,lt.user.315@docflow.test,Hồ Bảo Hải,Temp@123,user,true
lt.user.316,lt.user.316@docflow.test,Hồ Văn Nam,Temp@123,user,true
lt.user.317,lt.user.317@docflow.test,Phạm Tuấn Quỳnh,Temp@123,user,true
lt.user.318,lt.user.318@docflow.test,Võ Anh Quỳnh,Temp@123,user,true
lt.user.319,lt.user.319@docflow.test,Phạm Hoài Tú,Temp@123,user,true
lt.user.320,lt.user.320@docflow.test,Nguyễn Hồng Mai,Temp@123,user,true
lt.user.321,lt.user.321@docflow.test,Lê Tuấn Nhung,Temp@123,user,true
lt.user.322,lt.user.322@docflow.test,Ngô Đức Hoa,Temp@123,user,true
lt.user.323,lt.user.323@docflow.test,Trần Thị Nhung,Temp@123,user,true
lt.user.324,lt.user.324@docflow.test,Lý Đức Hạnh,Temp@123,user,true
lt.user.325,lt.user.325@docflow.test,Vũ Quang Sơn,Temp@123,user,true
lt.user.326,lt.user.326@docflow.test,Dương Bảo Thảo,Temp@123,user,true
lt.user.327,lt.user.327@docflow.test,Hoàng Phương Hạnh,Temp@123,user,true
lt.user.328,lt.user.328@docflow.test,Lý Phương Nga,Temp@123,user,true
lt.user.329,lt.user.329@docflow.test,Trần Bảo Long,Temp@123,user,true
lt.user.330,lt.user.330@docflow.test,Dương Tuấn Minh,Temp@123,user,true
lt.user.331,lt.user.331@docflow.test,Đỗ Đức Quỳnh,Temp@123,user,true
lt.user.332,lt.user.332@docflow.test,Đỗ Thị Tâm,Temp@123,user,true
lt.user.333,lt.user.333@docflow.test,Võ Thanh Hiếu,Temp@123,user,true
lt.user.334,lt.user.334@docflow.test,Dương Hữu Long,Temp@123,user,true
lt.user.335,lt.user.335@docflow.test,Nguyễn Thị Phú,Temp@123,user,true
lt.user.336,lt.user.336@docflow.test,Vũ Quang Long,Temp@123,user,true
lt.user.337,lt.user.337@docflow.test,Lê Thanh Long,Temp@123,user,true
lt.user.338,lt.user.338@docflow.test,Vũ Hồng Hùng,Temp@123,user,true
lt.user.339,lt.user.339@docflow.test,Nguyễn Ngọc Hùng,Temp@123,user,true
lt.user.340,lt.user.340@docflow.test,Hoàng Ngọc Lan,Temp@123,user,true
lt.user.341,lt.user.341@docflow.test,Phạm Văn Hoa,Temp@123,user,true
lt.user.342,lt.user.342@docflow.test,Nguyễn Bảo Minh,Temp@123,user,true
lt.user.343,lt.user.343@docflow.test,Bùi Văn Lan,Temp@123,user,true
lt.user.344,lt.user.344@docflow.test,Võ Thị Hoa,Temp@123,user,true
lt.user.345,lt.user.345@docflow.test,Ngô Đức Hà,Temp@123,user,true
lt.user.346,lt.user.346@docflow.test,Lý Tuấn Quỳnh,Temp@123,user,true
lt.user.347,lt.user.347@docflow.test,Phạm Tuấn Mai,Temp@123,user,true
lt.user.348,lt.user.348@docflow.test,Trần Thu Trang,Temp@123,user,true
lt.user.349,lt.user.349@docflow.test,Nguyễn Thị Tú,Temp@123,user,true
lt.user.350,lt.user.350@docflow.test,Hồ Phương Hạnh,Temp@123,user,true
lt.user.351,lt.user.351@docflow.test,Lý Tuấn Hà,Temp@123,user,true
lt.user.352,lt.user.352@docflow.test,Lê Hồng Hùng,Temp@123,user,true
lt.user.353,lt.user.353@docflow.test,Lê Quang Nga,Temp@123,user,true
lt.user.354,lt.user.354@docflow.test,Bùi Anh Ngân,Temp@123,user,true
lt.user.355,lt.user.355@docflow.test,Dương Phương Hạnh,Temp@123,user,true
lt.user.356,lt.user.356@docflow.test,Phạm Thanh Thắng,Temp@123,user,true
lt.user.357,lt.user.357@docflow.test,Dương Hoài Thảo,Temp@123,user,true
lt.user.358,lt.user.358@docflow.test,Bùi Tuấn Tâm,Temp@123,user,true
lt.user.359,lt.user.359@docflow.test,Ngô Đức Phong,Temp@123,user,true
lt.user.360,lt.user.360@docflow.test,Ngô Hồng Nam,Temp@123,user,true
lt.user.361,lt.user.361@docflow.test,Đỗ Quang Tú,Temp@123,user,true
lt.user.362,lt.user.362@docflow.test,Lê Hữu Hải,Temp@123,user,true
lt.user.363,lt.user.363@docflow.test,Lê Phương Hạnh,Temp@123,user,true
lt.user.364,lt.user.364@docflow.test,Đỗ Quang Dũng,Temp@123,user,true
lt.user.365,lt.user.365@docflow.test,Bùi Đức Thảo,Temp@123,user,true
lt.user.366,lt.user.366@docflow.test,Đỗ Phương Dũng,Temp@123,user,true
lt.user.367,lt.user.367@docflow.test,Đặng Thu Quân,Temp@123,user,true
lt.user.368,lt.user.368@docflow.test,Phạm Thanh Hùng,Temp@123,user,true
lt.user.369,lt.user.369@docflow.test,Lý Hoài Hạnh,Temp@123,user,true
lt.user.370,lt.user.370@docflow.test,Đỗ Bảo Hiếu,Temp@123,user,true
lt.user.371,lt.user.371@docflow.test,Võ Hoài Thắng,Temp@123,user,true
lt.user.372,lt.user.372@docflow.test,Nguyễn Ngọc Bình,Temp@123,user,true
lt.user.373,lt.user.373@docflow.test,Huỳnh Ngọc Nhung,Temp@123,user,true
lt.user.374,lt.user.374@docflow.test,Bùi Bảo An,Temp@123,user,true
lt.user.375,lt.user.375@docflow.test,Huỳnh Quang Tâm,Temp@123,user,true
lt.user.376,lt.user.376@docflow.test,Lê Quang Bình,Temp@123,user,true
lt.user.377,lt.user.377@docflow.test,Lê Thanh Sơn,Temp@123,user,true
lt.user.378,lt.user.378@docflow.test,Ngô Tuấn Phú,Temp@123,user,true
lt.user.379,lt.user.379@docflow.test,Huỳnh Bảo Nhung,Temp@123,user,true
lt.user.380,lt.user.380@docflow.test,Bùi Hữu Dũng,Temp@123,user,true
lt.user.381,lt.user.381@docflow.test,Hoàng Minh Dũng,Temp@123,user,true
lt.user.382,lt.user.382@docflow.test,Lê Ngọc Thúy,Temp@123,user,true
lt.user.383,lt.user.383@docflow.test,Ngô Mai Thúy,Temp@123,user,true
lt.user.384,lt.user.384@docflow.test,Ngô Ngọc Long,Temp@123,user,true
lt.user.385,lt.user.385@docflow.test,Phạm Bảo Thắng,Temp@123,user,true
lt.user.386,lt.user.386@docflow.test,Phạm Thu Việt,Temp@123,user,true
lt.user.387,lt.user.387@docflow.test,Đặng Thị Mai,Temp@123,user,true
lt.user.388,lt.user.388@docflow.test,Hồ Thị An,Temp@123,user,true
lt.user.389,lt.user.389@docflow.test,Phan Thu Long,Temp@123,user,true
lt.user.390,lt.user.390@docflow.test,Hoàng Ngọc Ngân,Temp@123,user,true
lt.user.391,lt.user.391@docflow.test,Bùi Đức An,Temp@123,user,true
lt.user.392,lt.user.392@docflow.test,Lý Phương Lan,Temp@123,user,true
lt.user.393,lt.user.393@docflow.test,Hoàng Anh Mai,Temp@123,user,true
lt.user.394,lt.user.394@docflow.test,Đỗ Hữu Tâm,Temp@123,user,true
lt.user.395,lt.user.395@docflow.test,Trần Phương Bình,Temp@123,user,true
lt.user.396,lt.user.396@docflow.test,Dương Hữu Phong,Temp@123,user,true
lt.user.397,lt.user.397@docflow.test,Ngô Anh Thảo,Temp@123,user,true
lt.user.398,lt.user.398@docflow.test,Đặng Đức Tâm,Temp@123,user,true
lt.user.399,lt.user.399@docflow.test,Nguyễn Hồng Khánh,Temp@123,user,true
lt.user.400,lt.user.400@docflow.test,Dương Bảo Hải,Temp@123,user,true
lt.user.401,lt.user.401@docflow.test,Ngô Đức Minh,Temp@123,user,true
lt.user.402,lt.user.402@docflow.test,Ngô Anh Hải,Temp@123,user,true
lt.user.403,lt.user.403@docflow.test,Hồ Thu Phú,Temp@123,user,true
lt.user.404,lt.user.404@docflow.test,Vũ Hồng Khánh,Temp@123,user,true
lt.user.405,lt.user.405@docflow.test,Lê Đức Linh,Temp@123,user,true
lt.user.406,lt.user.406@docflow.test,Đỗ Bảo Hùng,Temp@123,user,true
lt.user.407,lt.user.407@docflow.test,Vũ Đức Hùng,Temp@123,user,true
lt.user.408,lt.user.408@docflow.test,Võ Thanh Lan,Temp@123,user,true
lt.user.409,lt.user.409@docflow.test,Hoàng Hữu Lan,Temp@123,user,true
lt.user.410,lt.user.410@docflow.test,Lý Tuấn Thúy,Temp@123,user,true
lt.user.411,lt.user.411@docflow.test,Bùi Hồng Hùng,Temp@123,user,true
lt.user.412,lt.user.412@docflow.test,Dương Hữu Tú,Temp@123,user,true
lt.user.413,lt.user.413@docflow.test,Dương Thu Nga,Temp@123,user,true
lt.user.414,lt.user.414@docflow.test,Trần Bảo Hà,Temp@123,user,true
lt.user.415,lt.user.415@docflow.test,Đặng Tuấn Thúy,Temp@123,user,true
lt.user.416,lt.user.416@docflow.test,Trần Thị Quỳnh,Temp@123,user,true
lt.user.417,lt.user.417@docflow.test,Đặng Hữu Hải,Temp@123,user,true
lt.user.418,lt.user.418@docflow.test,Hồ Tuấn Cường,Temp@123,user,true
lt.user.419,lt.user.419@docflow.test,Dương Thanh Phong,Temp@123,user,true
lt.user.420,lt.user.420@docflow.test,Lý Quang Dũng,Temp@123,user,true
lt.user.421,lt.user.421@docflow.test,Dương Đức Phú,Temp@123,user,true
lt.user.422,lt.user.422@docflow.test,Lê Minh Cường,Temp@123,user,true
lt.user.423,lt.user.423@docflow.test,Vũ Tuấn Thúy,Temp@123,user,true
lt.user.424,lt.user.424@docflow.test,Huỳnh Bảo Quỳnh,Temp@123,user,true
lt.user.425,lt.user.425@docflow.test,Đặng Anh Thảo,Temp@123,user,true
lt.user.426,lt.user.426@docflow.test,Bùi Thị Phú,Temp@123,user,true
lt.user.427,lt.user.427@docflow.test,Lê Hồng Hạnh,Temp@123,user,true
lt.user.428,lt.user.428@docflow.test,Hồ Thu Nam,Temp@123,user,true
lt.user.429,lt.user.429@docflow.test,Hoàng Hồng Hải,Temp@123,user,true
lt.user.430,lt.user.430@docflow.test,Hoàng Bảo Nhung,Temp@123,user,true
lt.user.431,lt.user.431@docflow.test,Hồ Quang Hải,Temp@123,user,true
lt.user.432,lt.user.432@docflow.test,Đặng Anh Phú,Temp@123,user,true
lt.user.433,lt.user.433@docflow.test,Hoàng Hữu Thắng,Temp@123,user,true
lt.user.434,lt.user.434@docflow.test,Đỗ Văn Quỳnh,Temp@123,user,true
lt.user.435,lt.user.435@docflow.test,Đặng Minh Long,Temp@123,user,true
lt.user.436,lt.user.436@docflow.test,Bùi Mai Linh,Temp@123,user,true
lt.user.437,lt.user.437@docflow.test,Vũ Quang Hùng,Temp@123,user,true
lt.user.438,lt.user.438@docflow.test,Lê Thu Hạnh,Temp@123,user,true
lt.user.439,lt.user.439@docflow.test,Trần Hồng Hoa,Temp@123,user,true
lt.user.440,lt.user.440@docflow.test,Hồ Quang Khánh,Temp@123,user,true
lt.user.441,lt.user.441@docflow.test,Huỳnh Minh Thúy,Temp@123,user,true
lt.user.442,lt.user.442@docflow.test,Trần Phương Quỳnh,Temp@123,user,true
lt.user.443,lt.user.443@docflow.test,Vũ Tuấn Ngân,Temp@123,user,true
lt.user.444,lt.user.444@docflow.test,Dương Hoài Minh,Temp@123,user,true
lt.user.445,lt.user.445@docflow.test,Đặng Mai Linh,Temp@123,user,true
lt.user.446,lt.user.446@docflow.test,Đỗ Tuấn Trang,Temp@123,user,true
lt.user.447,lt.user.447@docflow.test,Đặng Anh Thảo,Temp@123,user,true
lt.user.448,lt.user.448@docflow.test,Huỳnh Thanh Hoa,Temp@123,user,true
lt.user.449,lt.user.449@docflow.test,Võ Thị Tú,Temp@123,user,true
lt.user.450,lt.user.450@docflow.test,Đỗ Đức Hiếu,Temp@123,user,true
lt.user.451,lt.user.451@docflow.test,Đặng Hữu Khánh,Temp@123,user,true
lt.user.452,lt.user.452@docflow.test,Võ Tuấn Hùng,Temp@123,user,true
lt.user.453,lt.user.453@docflow.test,Ngô Hữu Mai,Temp@123,user,true
lt.user.454,lt.user.454@docflow.test,Dương Bảo Bình,Temp@123,user,true
lt.user.455,lt.user.455@docflow.test,Ngô Thị Tâm,Temp@123,user,true
lt.user.456,lt.user.456@docflow.test,Đỗ Hoài Sơn,Temp@123,user,true
lt.user.457,lt.user.457@docflow.test,Lê Bảo Mai,Temp@123,user,true
lt.user.458,lt.user.458@docflow.test,Nguyễn Hồng Hạnh,Temp@123,user,true
lt.user.459,lt.user.459@docflow.test,Bùi Quang Hoa,Temp@123,user,true
lt.user.460,lt.user.460@docflow.test,Trần Thu Tú,Temp@123,user,true
lt.user.461,lt.user.461@docflow.test,Hoàng Mai Thúy,Temp@123,user,true
lt.user.462,lt.user.462@docflow.test,Nguyễn Hữu Bình,Temp@123,user,true
lt.user.463,lt.user.463@docflow.test,Võ Thanh Hùng,Temp@123,user,true
lt.user.464,lt.user.464@docflow.test,Ngô Đức Ngân,Temp@123,user,true
lt.user.465,lt.user.465@docflow.test,Vũ Thu Hiếu,Temp@123,user,true
lt.user.466,lt.user.466@docflow.test,Trần Hoài Thảo,Temp@123,user,true
lt.user.467,lt.user.467@docflow.test,Dương Hữu Hiếu,Temp@123,user,true
lt.user.468,lt.user.468@docflow.test,Lý Văn Minh,Temp@123,user,true
lt.user.469,lt.user.469@docflow.test,Hoàng Thu Thắng,Temp@123,user,true
lt.user.470,lt.user.470@docflow.test,Nguyễn Bảo Minh,Temp@123,user,true
lt.mgr.001,lt.mgr.001@docflow.test,Ngô Minh Hải,Temp@123,manager,true
lt.mgr.002,lt.mgr.002@docflow.test,Đỗ Hữu Bình,Temp@123,manager,true
lt.mgr.003,lt.mgr.003@docflow.test,Hồ Mai Cường,Temp@123,manager,true
lt.mgr.004,lt.mgr.004@docflow.test,Hồ Bảo Nam,Temp@123,manager,true
lt.mgr.005,lt.mgr.005@docflow.test,Nguyễn Bảo Hà,Temp@123,manager,true
lt.mgr.006,lt.mgr.006@docflow.test,Đỗ Hoài Hạnh,Temp@123,manager,true
lt.mgr.007,lt.mgr.007@docflow.test,Bùi Quang Cường,Temp@123,manager,true
lt.mgr.008,lt.mgr.008@docflow.test,Đỗ Hồng Lan,Temp@123,manager,true
lt.mgr.009,lt.mgr.009@docflow.test,Dương Mai Lan,Temp@123,manager,true
lt.mgr.010,lt.mgr.010@docflow.test,Hoàng Hữu Trang,Temp@123,manager,true
lt.mgr.011,lt.mgr.011@docflow.test,Trần Thu Linh,Temp@123,manager,true
lt.mgr.012,lt.mgr.012@docflow.test,Trần Thanh Cường,Temp@123,manager,true
lt.mgr.013,lt.mgr.013@docflow.test,Bùi Thu Tâm,Temp@123,manager,true
lt.mgr.014,lt.mgr.014@docflow.test,Lý Ngọc Cường,Temp@123,manager,true
lt.mgr.015,lt.mgr.015@docflow.test,Phan Thu Quân,Temp@123,manager,true
lt.mgr.016,lt.mgr.016@docflow.test,Trần Hồng Nga,Temp@123,manager,true
lt.mgr.017,lt.mgr.017@docflow.test,Phạm Bảo Thắng,Temp@123,manager,true
lt.mgr.018,lt.mgr.018@docflow.test,Hồ Tuấn Sơn,Temp@123,manager,true
lt.mgr.019,lt.mgr.019@docflow.test,Bùi Minh Việt,Temp@123,manager,true
lt.mgr.020,lt.mgr.020@docflow.test,Lý Bảo Nga,Temp@123,manager,true
lt.mgr.021,lt.mgr.021@docflow.test,Lê Phương Hải,Temp@123,manager,true
lt.mgr.022,lt.mgr.022@docflow.test,Ngô Minh Ngân,Temp@123,manager,true
lt.mgr.023,lt.mgr.023@docflow.test,Bùi Đức Hải,Temp@123,manager,true
lt.mgr.024,lt.mgr.024@docflow.test,Bùi Thu Nhung,Temp@123,manager,true
lt.mgr.025,lt.mgr.025@docflow.test,Dương Phương Khánh,Temp@123,manager,true
lt.admin.001,lt.admin.001@docflow.test,Dương Bảo Thúy,Temp@123,admin,true
lt.admin.002,lt.admin.002@docflow.test,Trần Bảo Thắng,Temp@123,admin,true
lt.admin.003,lt.admin.003@docflow.test,Võ Thị Hà,Temp@123,admin,true
lt.admin.004,lt.admin.004@docflow.test,Hồ Bảo Khánh,Temp@123,admin,true
lt.admin.005,lt.admin.005@docflow.test,Nguyễn Quang Thúy,Temp@123,admin,true
